Workbook

Sheet Hướng dẫn
A1: THỬ VỚI NGƯỜI THẬT — GIAI ĐOẠN 3: KỊCH BẢN VÀ BẢNG BẤM GIỜ
A2: Ngân hàng câu hỏi · soạn 03/10/2026. File gồm 7 sheet: Hướng dẫn · Chuẩn bị · 3 kịch bản (Học sinh, Giáo viên, Tổ trưởng) · Bảng bấm giờ · Tổng hợp.
A4: 1. Mục đích
A5: Xem người dùng thật có tự làm được các việc chính hay không và mất bao lâu. Kết quả quyết định việc làm tiếp theo (bản đồ bài học, giao bài từng bước, cải tiến màn duyệt…), không phải để chấm điểm người thử.
A7: 2. Ba chỉ tiêu đã chốt (25/09/2026)
A8: • Chỉ tiêu 1 — Học sinh tự luyện: từ trang chủ đến khi câu hỏi đầu tiên hiện ra, không quá 30 giây.
A9: • Chỉ tiêu 2 — Giáo viên giao bài: từ trang chủ đến khi hiện dòng "✓ Đã giao", không quá 2 phút (120 giây).
A10: • Chỉ tiêu 3 — Tổ trưởng duyệt câu: trung bình không quá 15 giây cho mỗi câu (đo trên 10 câu liên tiếp).
A11: Một chỉ tiêu ĐẠT khi: thời gian trung vị không vượt chỉ tiêu VÀ ít nhất 80% người thử tự làm được, không cần trợ giúp. Ngưỡng 80% là giả định của người soạn, sửa được ở sheet "Tổng hợp" (ô D3).
A13: 3. Ai thử
A14: 5–10 học sinh, 3–5 giáo viên, 1–2 tổ trưởng. Nên có cả người quen máy tính lẫn người ít dùng; học sinh thử trên thiết bị các em hay dùng (điện thoại hoặc máy tính).
A15: Mỗi lượt chỉ một người thử. Thời lượng: học sinh khoảng 15–20 phút, giáo viên 25–30 phút, tổ trưởng 20 phút.
... A46: • Không ghi mật khẩu vào file này.

Sheet Chuẩn bị
A1: CHUẨN BỊ TRƯỚC BUỔI THỬ
A2: Đánh dấu "Xong" ở ô vàng. Thiếu một mục thì nhiệm vụ liên quan sẽ không thử được — ghi rõ ở cột Ghi chú.
A3: STT | B3: Việc cần làm | C3: Ai làm | D3: Xong? | E3: Ghi chú
A4: 1 | B4: Chọn môn + khối để thử (đề xuất KHTN 9: đã có chương trình, Bài và câu hỏi). | C4: Anh Hiếu
A5: 2 | B5: Tạo một lớp thử (ví dụ "9-THỬ") có đủ các học sinh sẽ thử; giáo viên thử được phân công dạy lớp này đúng môn. | C5: Quản trị
A6: 3 | B6: Mỗi người thử đăng nhập được bằng tài khoản của mình (thử đăng nhập trước một ngày). | C6: Quản trị
A7: 4 | B7: Có ít nhất 2 Bài, mỗi Bài từ 10 câu ĐÃ DUYỆT trở lên. Kiểm bằng tài khoản học sinh: vào tự luyện, tick Bài đó, thấy dòng "✓ Có đủ câu phù hợp". Ghi tên 2 Bài vào Ghi chú để đọc trong kịch bản. | C7: Tổ trưởng
A8: 5 | B8: Tạo sẵn một bài giao 10 câu cho lớp thử, hạn nộp sau buổi thử (dùng cho nhiệm vụ HS2). Đặt tên bắt đầu bằng "THỬ". | C8: Giáo viên
A9: 6 | B9: Có 12 câu đang CHỜ DUYỆT của tổ: 10 câu tốt, 1 câu cố ý sai đáp án (cho TT2), 1 câu dự phòng. Do một giáo viên nhập và gửi duyệt trước. | C9: Giáo viên
A10: 7 | B10: Mỗi giáo viên thử có một tệp Word 5 câu đúng mẫu, nội dung KHÁC NHAU (nhập trùng sẽ bị báo nghi trùng). Lấy mẫu ở màn Nhập câu → "Tải mẫu Word". | C10: Tổ trưởng
A11: 8 | B11: Chuẩn bị một câu hỏi in giấy + file Chương trình của môn/khối (cho nhiệm vụ GV4: viết mã câu). | C11: Tổ trưởng
A12: 9 | B12: In kịch bản: mỗi người thử một tờ theo vai. Chuẩn bị đồng hồ bấm giây. | C12: Người quan sát
A13: 10 | B13: Phòng yên tĩnh, mạng ổn định; mỗi lượt một người thử, một người quan sát (thêm một người ghi chép nếu có). | C13: Người quan sát
A14: 11 | B14: SAU BUỔI THỬ — dọn dẹp: lưu trữ các bài giao tên "THỬ…"; câu nhập thử chưa cần dùng thì để nguyên ở dạng nháp hoặc lưu trữ; đổi mật khẩu nếu đã dùng tài khoản thử chung. | C14: Quản trị

Sheet KB Học sinh
A1: KỊCH BẢN — HỌC SINH (khoảng 15–20 phút)
A2: Trước khi bắt đầu: học sinh đã đăng nhập, đang ở trang chủ "Việc học của em". Nói câu mở đầu ở sheet Hướng dẫn (bước 3).
A3: Mã người thử: ............ Ngày: ...... / ...... / 2026 Thiết bị: .............................. Người quan sát: ..............................
A4: Mã | B4: Nhiệm vụ | C4: Lời đọc cho người thử (đọc nguyên văn) | D4: Bắt đầu bấm giờ | E4: Dừng bấm giờ | F4: Chỉ tiêu | G4: Tính là "Tự làm được" khi | H4: Để ý thêm | I4: Giây | J4: Kết quả | K4: Ghi chú tại chỗ
A5: HS1 | B5: Tự luyện một bài | C5: Em muốn tự luyện 10 câu, bài «…» (đọc tên Bài 1 đã chuẩn bị). Em làm cho đến khi câu hỏi đầu tiên hiện ra thì dừng. | D5: Người quan sát nói "Bắt đầu" khi học sinh đang ở trang chủ. | E5: Câu hỏi số 1 hiện trên màn hình. | F5: ≤ 30 giây | G5: Câu 1 hiện ra, đúng Bài được yêu cầu, không ai gợi ý. | H5: □ Tìm thấy lối vào tự luyện ngay? □ Tìm được Bài trong danh sách (cuộn, gõ tìm)? □ Có đổi nhầm môn / khối / số câu? □ Có đọc dòng "Có đủ câu phù hợp"?
A6: HS2 | B6: Làm bài được giao và nộp bài | C6: Cô giáo vừa giao cho lớp một bài. Em tìm bài đó, làm hết, trong lúc làm hãy đánh dấu một câu em chưa chắc, rồi nộp bài. | D6: Khi học sinh ở trang chủ, nói "Bắt đầu". | E6: Màn hình kết quả hiện ra sau khi nộp. | F6: — | G6: Mở đúng bài giao, có đánh dấu 1 câu chưa chắc, nộp được bài. | H6: □ Thấy bài giao ngay trên trang chủ? □ Hiểu các ký hiệu ○ ✓ ? ★ trên bản đồ câu? □ Biết cách đánh dấu "chưa chắc"? □ Hộp hỏi lại khi nộp có làm em bối rối? □ Ghi thời gian riêng cho đoạn "tìm và mở bài".
A7: HS3 | B7: Xem kết quả, luyện lại câu sai | C7: Em xem mình sai những câu nào, rồi làm lại đúng những câu đó. | D7: Khi màn hình kết quả đang hiện, nói "Bắt đầu". | E7: Câu đầu tiên của lượt luyện lại hiện ra. | F7: — | G7: Chỉ ra được câu sai và mở được lượt luyện lại. | H7: □ Đọc được câu nào đúng / sai? □ Thấy nút luyện lại mà không cần tìm? □ Có xem lời giải không?
A8: HS4 | B8: Tìm phần mình còn yếu | C8: Theo phần mềm, em đang cần củng cố nội dung nào? Em chỉ cho thầy/cô xem. | D8: Khi học sinh ở trang chủ, nói "Bắt đầu". | E8: Học sinh chỉ đúng chỗ ghi nội dung cần củng cố (hoặc dòng "Chưa đủ dữ liệu"). | F8: — | G8: Chỉ đúng mục "Nội dung nên củng cố" hoặc Hồ sơ học tập. | H8: □ Tìm ở trang chủ hay vào Hồ sơ? □ Hiểu chữ "Chưa đủ dữ liệu" nghĩa là gì? □ Em có tin nhận xét đó không?
A10: Hỏi sau khi làm xong (ghi lời nói nguyên văn vào cột "Chỗ vướng / lời nói" của Bảng bấm giờ hoặc mặt sau tờ này)
A11: • | B11: Lúc nào em phải dừng lại nghĩ lâu nhất?
A12: • | B12: Có chữ hay nút nào em không hiểu?
A13: • | B13: Nếu được đổi một thứ, em muốn đổi gì?
A14: • | B14: Em chấm mức dễ dùng từ 1 (rất khó) đến 5 (rất dễ)?
A16: Dòng nền xanh là nhiệm vụ có chỉ tiêu. Cột Giây / Kết quả / Ghi chú để ghi tay khi in; sau đó chép vào sheet "Bảng bấm giờ".

Sheet KB Giáo viên
A1: KỊCH BẢN — GIÁO VIÊN (khoảng 25–30 phút)
A2: Trước khi bắt đầu: giáo viên đã đăng nhập, đang ở trang chủ. Đưa sẵn tệp Word 5 câu trên máy. Nói câu mở đầu ở sheet Hướng dẫn (bước 3).
A3: Mã người thử: ............ Ngày: ...... / ...... / 2026 Thiết bị: .............................. Người quan sát: ..............................
A4: Mã | B4: Nhiệm vụ | C4: Lời đọc cho người thử (đọc nguyên văn) | D4: Bắt đầu bấm giờ | E4: Dừng bấm giờ | F4: Chỉ tiêu | G4: Tính là "Tự làm được" khi | H4: Để ý thêm | I4: Giây | J4: Kết quả | K4: Ghi chú tại chỗ
A5: GV1 | B5: Giao bài cho lớp | C5: Thầy/cô giao cho lớp «…» (tên lớp thử) một bài luyện 10 câu, bài «…» (đọc tên Bài 1), hạn nộp là «thứ …» tuần này. Đặt tên bài bắt đầu bằng chữ THỬ. | D5: Người quan sát nói "Bắt đầu" khi giáo viên đang ở trang chủ. | E5: Màn hình hiện dòng "✓ Đã giao…". | F5: ≤ 120 giây | G5: Bài được giao đúng lớp, đúng Bài, có hạn nộp, không ai gợi ý. | H5: □ Tìm thấy chỗ tạo bài giao ngay? □ Đi đúng thứ tự 3 phần Nội dung → Giao cho ai → Thời gian? □ Có mở phần "Nâng cao" không, vì sao? □ Có đọc dòng "N học sinh sẽ nhận bài"? □ Gặp báo thiếu câu thì xử lý thế nào?
A6: GV2 | B6: Nhập câu từ Word và gửi duyệt | C6: Trên máy có tệp Word 5 câu hỏi. Thầy/cô đưa 5 câu đó vào ngân hàng câu hỏi và gửi cho tổ trưởng duyệt. | D6: Khi giáo viên ở trang chủ, nói "Bắt đầu". | E6: Màn hình báo đã gửi đi duyệt. | F6: — | G6: Chọn đúng môn, khối; lưu được 5 câu; gửi duyệt được. | H6: □ Có nhìn thanh 5 bước ở đầu trang? □ Hiểu dòng mã mẫu của môn? □ Gặp câu báo lỗi / cần xem thì làm gì? □ Sau khi lưu, có biết câu còn là "nháp", chưa giao được? □ Tự tìm thấy nút gửi duyệt?
A7: GV3 | B7: Tìm học sinh chưa làm bài / cần giúp | C7: Trong lớp «…», em nào chưa làm bài được giao? Em nào đang cần thầy/cô giúp nhất? Thầy/cô chỉ trên màn hình. | D7: Khi giáo viên ở trang chủ, nói "Bắt đầu". | E7: Giáo viên chỉ đúng tên ít nhất một học sinh cho mỗi câu hỏi. | F7: — | G7: Chỉ ra được học sinh chưa làm và học sinh cần giúp. | H7: □ Dùng thẻ "Hôm nay cần chú ý" hay vào Tiến độ lớp? □ Hiểu các con số trên thẻ? □ Có bấm lọc không?
A8: GV4 | B8: Viết mã cho một câu hỏi | C8: Đây là một câu hỏi và bảng Chương trình của môn. Thầy/cô viết dòng mã đặt ở đầu câu này (viết ra giấy). | D8: Khi đưa giấy cho giáo viên. | E8: Giáo viên viết xong dòng mã. | F8: — | G8: Mã đúng 6 phần, đúng chữ môn / phân môn, đúng số Chủ đề và số YCCĐ. | H8: □ Nhầm phần nào trong 6 phần? □ Tra số Chủ đề / YCCĐ ở đâu? □ Có biết mức NB / TH / VD / VDC và dạng TN / ĐS / TLN?
A10: Hỏi sau khi làm xong (ghi lời nói nguyên văn vào cột "Chỗ vướng / lời nói" của Bảng bấm giờ hoặc mặt sau tờ này)
A11: • | B11: Bước nào thầy/cô phải dừng lại nghĩ lâu nhất?
A12: • | B12: Có chữ hay nút nào khó hiểu?
A13: • | B13: So với cách thầy/cô đang giao bài, soạn câu hiện nay thì nhanh hơn hay chậm hơn? Vì sao?
A14: • | B14: Nếu được đổi một thứ, thầy/cô muốn đổi gì?
A15: • | B15: Chấm mức dễ dùng từ 1 (rất khó) đến 5 (rất dễ)?
A17: Dòng nền xanh là nhiệm vụ có chỉ tiêu. Cột Giây / Kết quả / Ghi chú để ghi tay khi in; sau đó chép vào sheet "Bảng bấm giờ".

Sheet KB Tổ trưởng
A1: KỊCH BẢN — TỔ TRƯỞNG (khoảng 20 phút)
A2: Trước khi bắt đầu: tổ trưởng đã đăng nhập, đang ở trang chủ; hàng chờ duyệt có 12 câu đã chuẩn bị. Nói câu mở đầu ở sheet Hướng dẫn (bước 3).
A3: Mã người thử: ............ Ngày: ...... / ...... / 2026 Thiết bị: .............................. Người quan sát: ..............................
A4: Mã | B4: Nhiệm vụ | C4: Lời đọc cho người thử (đọc nguyên văn) | D4: Bắt đầu bấm giờ | E4: Dừng bấm giờ | F4: Chỉ tiêu | G4: Tính là "Tự làm được" khi | H4: Để ý thêm | I4: Giây | J4: Kết quả | K4: Ghi chú tại chỗ
A5: TT1 | B5: Duyệt 10 câu | C5: Giáo viên trong tổ vừa gửi một số câu chờ duyệt. Thầy/cô đọc như lúc duyệt thật và duyệt 10 câu. | D5: Khi danh sách câu chờ duyệt hiện ra, nói "Bắt đầu". | E5: Câu thứ 10 được duyệt xong. | F5: ≤ 15 giây mỗi câu (150 giây cho 10 câu) | G5: Duyệt đủ 10 câu, không ai gợi ý. Ghi tổng số giây và Số câu = 10. | H5: □ Tìm thấy hàng chờ duyệt ngay? □ Đọc nội dung, đáp án ở đâu? □ Có dùng phím tắt / công cụ duyệt nhanh? □ Sau mỗi câu có phải bấm thêm gì thừa?
A6: TT2 | B6: Trả sửa một câu kèm lý do | C6: Trong các câu chờ duyệt có một câu sai đáp án. Thầy/cô trả câu đó về cho giáo viên sửa, ghi rõ lý do. | D6: Khi tổ trưởng mở đúng câu sai, nói "Bắt đầu". | E6: Câu rời khỏi hàng chờ duyệt. | F6: — | G6: Trả sửa được, có chọn hoặc ghi lý do. | H6: □ Tìm thấy nút trả sửa? □ Chọn lý do có sẵn hay tự gõ? □ Có chắc giáo viên sẽ nhận được không?
A7: TT3 | B7: Tìm chỗ nạp chương trình, tải file mẫu | C7: Tổ cần đưa chương trình (Chủ đề, YCCĐ, Bài) của môn mình vào hệ thống. Thầy/cô tìm chỗ làm việc đó, tải file mẫu về, rồi nói lại các bước sẽ làm. | D7: Khi tổ trưởng ở trang chủ, nói "Bắt đầu". | E7: Tải được file mẫu và nói được các bước chính. | F7: — | G7: Tìm đúng trang Chương trình môn học, tải được file mẫu, nêu được: điền → tải lên → BGH công bố. | H7: □ Tìm ở mục nào của menu trước? □ Có mở sheet "Ví dụ", "Dùng AI" của file mẫu? □ Hiểu "bản nháp" và "công bố"? □ Biết ai là người công bố?
A9: Hỏi sau khi làm xong (ghi lời nói nguyên văn vào cột "Chỗ vướng / lời nói" của Bảng bấm giờ hoặc mặt sau tờ này)
A10: • | B10: Bước nào thầy/cô phải dừng lại nghĩ lâu nhất?
A11: • | B11: Duyệt một câu, thầy/cô cần nhìn những gì? Màn hình đã đưa đủ chưa?
A12: • | B12: Có chữ hay nút nào khó hiểu?
A13: • | B13: Nếu được đổi một thứ, thầy/cô muốn đổi gì?
A14: • | B14: Chấm mức dễ dùng từ 1 (rất khó) đến 5 (rất dễ)?
A16: Dòng nền xanh là nhiệm vụ có chỉ tiêu. Cột Giây / Kết quả / Ghi chú để ghi tay khi in; sau đó chép vào sheet "Bảng bấm giờ".

Sheet Bảng bấm giờ
A1: BẢNG BẤM GIỜ — mỗi nhiệm vụ của mỗi người thử ghi một dòng
A2: Điền ô nền VÀNG. Cột Vai trò, Giây mỗi đơn vị, Chỉ tiêu, Đạt chỉ tiêu? tự tính. Thời gian ghi bằng giây. Không ghi tên thật: dùng mã HS01, GV01, TT01.
A4: STT | B4: Ngày | C4: Mã người thử | D4: Vai trò | E4: Mã nhiệm vụ | F4: Thiết bị | G4: Thời gian (giây) | H4: Số câu (chỉ TT1) | I4: Kết quả | J4: Số lần đi nhầm | K4: Mức dễ (1–5) | L4: Chỗ vướng / lời nói nguyên văn | M4: Giây mỗi đơn vị | N4: Chỉ tiêu (giây) | O4: Đạt chỉ tiêu?
A5: VÍ DỤ | B5: 46305 | C5: TT01 | D5: =IF(E5="","",IFERROR(INDEX('Tổng hợp'!$B$6:$B$16,MATCH(E5,'Tổng hợp'!$A$6:$A$16,0)),"")) -> Tổ trưởng | E5: TT1 | F5: Máy tính | G5: 185 | H5: 10 | I5: Tự làm được | J5: 1 | K5: 4 | L5: "Duyệt xong phải bấm thêm một lần mới sang câu sau." Dừng lâu ở câu có hình. | M5: =IF(G5="","",IF(AND(ISNUMBER(H5),H5>0),G5/H5,G5)) -> 18.5 | N5: =IF(E5="","",IFERROR(IF(INDEX('Tổng hợp'!$D$6:$D$16,MATCH(E5,'Tổng hợp'!$A$6:$A$16,0))="","",INDEX('Tổng hợp'!$D$6:$D$16,MATCH(E5,'Tổng hợp'!$A$6:$A$16,0))),"")) -> 15 | O5: =IF(OR(M5="",N5=""),"",IF(AND(I5="Tự làm được",M5<=N5),"Đạt","Chưa đạt")) -> Chưa đạt
A6: 1 | D6: =IF(E6="","",IFERROR(INDEX('Tổng hợp'!$B$6:$B$16,MATCH(E6,'Tổng hợp'!$A$6:$A$16,0)),"")) | M6: =IF(G6="","",IF(AND(ISNUMBER(H6),H6>0),G6/H6,G6)) | N6: =IF(E6="","",IFERROR(IF(INDEX('Tổng hợp'!$D$6:$D$16,MATCH(E6,'Tổng hợp'!$A$6:$A$16,0))="","",INDEX('Tổng hợp'!$D$6:$D$16,MATCH(E6,'Tổng hợp'!$A$6:$A$16,0))),"")) | O6: =IF(OR(M6="",N6=""),"",IF(AND(I6="Tự làm được",M6<=N6),"Đạt","Chưa đạt"))
A7: 2 | D7: =IF(E7="","",IFERROR(INDEX('Tổng hợp'!$B$6:$B$16,MATCH(E7,'Tổng hợp'!$A$6:$A$16,0)),"")) | M7: =IF(G7="","",IF(AND(ISNUMBER(H7),H7>0),G7/H7,G7)) | N7: =IF(E7="","",IFERROR(IF(INDEX('Tổng hợp'!$D$6:$D$16,MATCH(E7,'Tổng hợp'!$A$6:$A$16,0))="","",INDEX('Tổng hợp'!$D$6:$D$16,MATCH(E7,'Tổng hợp'!$A$6:$A$16,0))),"")) | O7: =IF(OR(M7="",N7=""),"",IF(AND(I7="Tự làm được",M7<=N7),"Đạt","Chưa đạt"))
A8: 3 | D8: =IF(E8="","",IFERROR(INDEX('Tổng hợp'!$B$6:$B$16,MATCH(E8,'Tổng hợp'!$A$6:$A$16,0)),"")) | M8: =IF(G8="","",IF(AND(ISNUMBER(H8),H8>0),G8/H8,G8)) | N8: =IF(E8="","",IFERROR(IF(INDEX('Tổng hợp'!$D$6:$D$16,MATCH(E8,'Tổng hợp'!$A$6:$A$16,0))="","",INDEX('Tổng hợp'!$D$6:$D$16,MATCH(E8,'Tổng hợp'!$A$6:$A$16,0))),"")) | O8: =IF(OR(M8="",N8=""),"",IF(AND(I8="Tự làm được",M8<=N8),"Đạt","Chưa đạt"))
A9: 4 | D9: =IF(E9="","",IFERROR(INDEX('Tổng hợp'!$B$6:$B$16,MATCH(E9,'Tổng hợp'!$A$6:$A$16,0)),"")) | M9: =IF(G9="","",IF(AND(ISNUMBER(H9),H9>0),G9/H9,G9)) | N9: =IF(E9="","",IFERROR(IF(INDEX('Tổng hợp'!$D$6:$D$16,MATCH(E9,'Tổng hợp'!$A$6:$A$16,0))="","",INDEX('Tổng hợp'!$D$6:$D$16,MATCH(E9,'Tổng hợp'!$A$6:$A$16,0))),"")) | O9: =IF(OR(M9="",N9=""),"",IF(AND(I9="Tự làm được",M9<=N9),"Đạt","Chưa đạt"))
A10: 5 | D10: =IF(E10="","",IFERROR(INDEX('Tổng hợp'!$B$6:$B$16,MATCH(E10,'Tổng hợp'!$A$6:$A$16,0)),"")) | M10: =IF(G10="","",IF(AND(ISNUMBER(H10),H10>0),G10/H10,G10)) | N10: =IF(E10="","",IFERROR(IF(INDEX('Tổng hợp'!$D$6:$D$16,MATCH(E10,'Tổng hợp'!$A$6:$A$16,0))="","",INDEX('Tổng hợp'!$D$6:$D$16,MATCH(E10,'Tổng hợp'!$A$6:$A$16,0))),"")) | O10: =IF(OR(M10="",N10=""),"",IF(AND(I10="Tự làm được",M10<=N10),"Đạt","Chưa đạt"))
A11: 6 | D11: =IF(E11="","",IFERROR(INDEX('Tổng hợp'!$B$6:$B$16,MATCH(E11,'Tổng hợp'!$A$6:$A$16,0)),"")) | M11: =IF(G11="","",IF(AND(ISNUMBER(H11),H11>0),G11/H11,G11)) | N11: =IF(E11="","",IFERROR(IF(INDEX('Tổng hợp'!$D$6:$D$16,MATCH(E11,'Tổng hợp'!$A$6:$A$16,0))="","",INDEX('Tổng hợp'!$D$6:$D$16,MATCH(E11,'Tổng hợp'!$A$6:$A$16,0))),"")) | O11: =IF(OR(M11="",N11=""),"",IF(AND(I11="Tự làm được",M11<=N11),"Đạt","Chưa đạt"))
A12: 7 | D12: =IF(E12="","",IFERROR(INDEX('Tổng hợp'!$B$6:$B$16,MATCH(E12,'Tổng hợp'!$A$6:$A$16,0)),"")) | M12: =IF(G12="","",IF(AND(ISNUMBER(H12),H12>0),G12/H12,G12)) | N12: =IF(E12="","",IFERROR(IF(INDEX('Tổng hợp'!$D$6:$D$16,MATCH(E12,'Tổng hợp'!$A$6:$A$16,0))="","",INDEX('Tổng hợp'!$D$6:$D$16,MATCH(E12,'Tổng hợp'!$A$6:$A$16,0))),"")) | O12: =IF(OR(M12="",N12=""),"",IF(AND(I12="Tự làm được",M12<=N12),"Đạt","Chưa đạt"))
A13: 8 | D13: =IF(E13="","",IFERROR(INDEX('Tổng hợp'!$B$6:$B$16,MATCH(E13,'Tổng hợp'!$A$6:$A$16,0)),"")) | M13: =IF(G13="","",IF(AND(ISNUMBER(H13),H13>0),G13/H13,G13)) | N13: =IF(E13="","",IFERROR(IF(INDEX('Tổng hợp'!$D$6:$D$16,MATCH(E13,'Tổng hợp'!$A$6:$A$16,0))="","",INDEX('Tổng hợp'!$D$6:$D$16,MATCH(E13,'Tổng hợp'!$A$6:$A$16,0))),"")) | O13: =IF(OR(M13="",N13=""),"",IF(AND(I13="Tự làm được",M13<=N13),"Đạt","Chưa đạt"))
A14: 9 | D14: =IF(E14="","",IFERROR(INDEX('Tổng hợp'!$B$6:$B$16,MATCH(E14,'Tổng hợp'!$A$6:$A$16,0)),"")) | M14: =IF(G14="","",IF(AND(ISNUMBER(H14),H14>0),G14/H14,G14)) | N14: =IF(E14="","",IFERROR(IF(INDEX('Tổng hợp'!$D$6:$D$16,MATCH(E14,'Tổng hợp'!$A$6:$A$16,0))="","",INDEX('Tổng hợp'!$D$6:$D$16,MATCH(E14,'Tổng hợp'!$A$6:$A$16,0))),"")) | O14: =IF(OR(M14="",N14=""),"",IF(AND(I14="Tự làm được",M14<=N14),"Đạt","Chưa đạt"))
A15: 10 | D15: =IF(E15="","",IFERROR(INDEX('Tổng hợp'!$B$6:$B$16,MATCH(E15,'Tổng hợp'!$A$6:$A$16,0)),"")) | M15: =IF(G15="","",IF(AND(ISNUMBER(H15),H15>0),G15/H15,G15)) | N15: =IF(E15="","",IFERROR(IF(INDEX('Tổng hợp'!$D$6:$D$16,MATCH(E15,'Tổng hợp'!$A$6:$A$16,0))="","",INDEX('Tổng hợp'!$D$6:$D$16,MATCH(E15,'Tổng hợp'!$A$6:$A$16,0))),"")) | O15: =IF(OR(M15="",N15=""),"",IF(AND(I15="Tự làm được",M15<=N15),"Đạt","Chưa đạt"))
A16: 11 | D16: =IF(E16="","",IFERROR(INDEX('Tổng hợp'!$B$6:$B$16,MATCH(E16,'Tổng hợp'!$A$6:$A$16,0)),"")) | M16: =IF(G16="","",IF(AND(ISNUMBER(H16),H16>0),G16/H16,G16)) | N16: =IF(E16="","",IFERROR(IF(INDEX('Tổng hợp'!$D$6:$D$16,MATCH(E16,'Tổng hợp'!$A$6:$A$16,0))="","",INDEX('Tổng hợp'!$D$6:$D$16,MATCH(E16,'Tổng hợp'!$A$6:$A$16,0))),"")) | O16: =IF(OR(M16="",N16=""),"",IF(AND(I16="Tự làm được",M16<=N16),"Đạt","Chưa đạt"))
A17: 12 | D17: =IF(E17="","",IFERROR(INDEX('Tổng hợp'!$B$6:$B$16,MATCH(E17,'Tổng hợp'!$A$6:$A$16,0)),"")) | M17: =IF(G17="","",IF(AND(ISNUMBER(H17),H17>0),G17/H17,G17)) | N17: =IF(E17="","",IFERROR(IF(INDEX('Tổng hợp'!$D$6:$D$16,MATCH(E17,'Tổng hợp'!$A$6:$A$16,0))="","",INDEX('Tổng hợp'!$D$6:$D$16,MATCH(E17,'Tổng hợp'!$A$6:$A$16,0))),"")) | O17: =IF(OR(M17="",N17=""),"",IF(AND(I17="Tự làm được",M17<=N17),"Đạt","Chưa đạt"))
... A105: 100 | D105: =IF(E105="","",IFERROR(INDEX('Tổng hợp'!$B$6:$B$16,MATCH(E105,'Tổng hợp'!$A$6:$A$16,0)),"")) | M105: =IF(G105="","",IF(AND(ISNUMBER(H105),H105>0),G105/H105,G105)) | N105: =IF(E105="","",IFERROR(IF(INDEX('Tổng hợp'!$D$6:$D$16,MATCH(E105,'Tổng hợp'!$A$6:$A$16,0))="","",INDEX('Tổng hợp'!$D$6:$D$16,MATCH(E105,'Tổng hợp'!$A$6:$A$16,0))),"")) | O105: =IF(OR(M105="",N105=""),"",IF(AND(I105="Tự làm được",M105<=N105),"Đạt","Chưa đạt"))

Sheet Tổng hợp
A1: TỔNG HỢP — tự tính từ sheet "Bảng bấm giờ"
A2: Không sửa ô trắng. Ô vàng: ngưỡng tự làm được (D3), chỉ tiêu (cột D), phần ghi tay ở cuối. Thời gian TT1 tính cho MỖI CÂU.
C3: Ngưỡng tỉ lệ tự làm được để coi là đạt (giả định của người soạn, sửa được): | D3: 0.8
A5: Mã | B5: Vai trò | C5: Nhiệm vụ | D5: Chỉ tiêu (giây) | E5: Lượt thử | F5: Tự làm được | G5: Cần trợ giúp | H5: Không xong | I5: % tự làm được | J5: Lượt có ghi giờ | K5: Trung vị (giây) | L5: Nhanh nhất | M5: Chậm nhất | N5: Lượt đạt chỉ tiêu | O5: % đạt chỉ tiêu | P5: Mức dễ TB (1–5) | Q5: Kết luận
A6: HS1 | B6: Học sinh | C6: Tự luyện một bài — CHỈ TIÊU 1 | D6: 30 | E6: =COUNTIF('Bảng bấm giờ'!$E$6:$E$105,A6) -> 0 | F6: =COUNTIFS('Bảng bấm giờ'!$E$6:$E$105,A6,'Bảng bấm giờ'!$I$6:$I$105,"Tự làm được") -> 0 | G6: =COUNTIFS('Bảng bấm giờ'!$E$6:$E$105,A6,'Bảng bấm giờ'!$I$6:$I$105,"Cần trợ giúp") -> 0 | H6: =COUNTIFS('Bảng bấm giờ'!$E$6:$E$105,A6,'Bảng bấm giờ'!$I$6:$I$105,"Không xong") -> 0 | I6: =IF(E6=0,"",F6/E6) | J6: =SUMPRODUCT(('Bảng bấm giờ'!$E$6:$E$105=A6)*ISNUMBER('Bảng bấm giờ'!$M$6:$M$105)) -> 0 | K6: {=IF(J6=0,"",MEDIAN(IF(('Bảng bấm giờ'!$E$6:$E$105=A6)*ISNUMBER('Bảng bấm giờ'!$M$6:$M$105),'Bảng bấm giờ'!$M$6:$M$105)))} | L6: {=IF(J6=0,"",MIN(IF(('Bảng bấm giờ'!$E$6:$E$105=A6)*ISNUMBER('Bảng bấm giờ'!$M$6:$M$105),'Bảng bấm giờ'!$M$6:$M$105)))} | M6: {=IF(J6=0,"",MAX(IF(('Bảng bấm giờ'!$E$6:$E$105=A6)*ISNUMBER('Bảng bấm giờ'!$M$6:$M$105),'Bảng bấm giờ'!$M$6:$M$105)))} | N6: =IF(D6="","",COUNTIFS('Bảng bấm giờ'!$E$6:$E$105,A6,'Bảng bấm giờ'!$O$6:$O$105,"Đạt")) -> 0 | O6: =IF(OR(D6="",E6=0),"",N6/E6) | P6: =IFERROR(AVERAGEIFS('Bảng bấm giờ'!$K$6:$K$105,'Bảng bấm giờ'!$E$6:$E$105,A6),"") | Q6: =IF(E6=0,"Chưa thử",IF(D6="",IF(I6>=$D$3,"Ổn","Cần sửa"),IF(AND(K6<>"",K6<=D6,I6>=$D$3),"ĐẠT","CHƯA ĐẠT"))) -> Chưa thử
A7: HS2 | B7: Học sinh | C7: Làm bài được giao và nộp bài | E7: =COUNTIF('Bảng bấm giờ'!$E$6:$E$105,A7) -> 0 | F7: =COUNTIFS('Bảng bấm giờ'!$E$6:$E$105,A7,'Bảng bấm giờ'!$I$6:$I$105,"Tự làm được") -> 0 | G7: =COUNTIFS('Bảng bấm giờ'!$E$6:$E$105,A7,'Bảng bấm giờ'!$I$6:$I$105,"Cần trợ giúp") -> 0 | H7: =COUNTIFS('Bảng bấm giờ'!$E$6:$E$105,A7,'Bảng bấm giờ'!$I$6:$I$105,"Không xong") -> 0 | I7: =IF(E7=0,"",F7/E7) | J7: =SUMPRODUCT(('Bảng bấm giờ'!$E$6:$E$105=A7)*ISNUMBER('Bảng bấm giờ'!$M$6:$M$105)) -> 0 | K7: {=IF(J7=0,"",MEDIAN(IF(('Bảng bấm giờ'!$E$6:$E$105=A7)*ISNUMBER('Bảng bấm giờ'!$M$6:$M$105),'Bảng bấm giờ'!$M$6:$M$105)))} | L7: {=IF(J7=0,"",MIN(IF(('Bảng bấm giờ'!$E$6:$E$105=A7)*ISNUMBER('Bảng bấm giờ'!$M$6:$M$105),'Bảng bấm giờ'!$M$6:$M$105)))} | M7: {=IF(J7=0,"",MAX(IF(('Bảng bấm giờ'!$E$6:$E$105=A7)*ISNUMBER('Bảng bấm giờ'!$M$6:$M$105),'Bảng bấm giờ'!$M$6:$M$105)))} | N7: =IF(D7="","",COUNTIFS('Bảng bấm giờ'!$E$6:$E$105,A7,'Bảng bấm giờ'!$O$6:$O$105,"Đạt")) | O7: =IF(OR(D7="",E7=0),"",N7/E7) | P7: =IFERROR(AVERAGEIFS('Bảng bấm giờ'!$K$6:$K$105,'Bảng bấm giờ'!$E$6:$E$105,A7),"") | Q7: =IF(E7=0,"Chưa thử",IF(D7="",IF(I7>=$D$3,"Ổn","Cần sửa"),IF(AND(K7<>"",K7<=D7,I7>=$D$3),"ĐẠT","CHƯA ĐẠT"))) -> Chưa thử
A8: HS3 | B8: Học sinh | C8: Xem kết quả, luyện lại câu sai | E8: =COUNTIF('Bảng bấm giờ'!$E$6:$E$105,A8) -> 0 | F8: =COUNTIFS('Bảng bấm giờ'!$E$6:$E$105,A8,'Bảng bấm giờ'!$I$6:$I$105,"Tự làm được") -> 0 | G8: =COUNTIFS('Bảng bấm giờ'!$E$6:$E$105,A8,'Bảng bấm giờ'!$I$6:$I$105,"Cần trợ giúp") -> 0 | H8: =COUNTIFS('Bảng bấm giờ'!$E$6:$E$105,A8,'Bảng bấm giờ'!$I$6:$I$105,"Không xong") -> 0 | I8: =IF(E8=0,"",F8/E8) | J8: =SUMPRODUCT(('Bảng bấm giờ'!$E$6:$E$105=A8)*ISNUMBER('Bảng bấm giờ'!$M$6:$M$105)) -> 0 | K8: {=IF(J8=0,"",MEDIAN(IF(('Bảng bấm giờ'!$E$6:$E$105=A8)*ISNUMBER('Bảng bấm giờ'!$M$6:$M$105),'Bảng bấm giờ'!$M$6:$M$105)))} | L8: {=IF(J8=0,"",MIN(IF(('Bảng bấm giờ'!$E$6:$E$105=A8)*ISNUMBER('Bảng bấm giờ'!$M$6:$M$105),'Bảng bấm giờ'!$M$6:$M$105)))} | M8: {=IF(J8=0,"",MAX(IF(('Bảng bấm giờ'!$E$6:$E$105=A8)*ISNUMBER('Bảng bấm giờ'!$M$6:$M$105),'Bảng bấm giờ'!$M$6:$M$105)))} | N8: =IF(D8="","",COUNTIFS('Bảng bấm giờ'!$E$6:$E$105,A8,'Bảng bấm giờ'!$O$6:$O$105,"Đạt")) | O8: =IF(OR(D8="",E8=0),"",N8/E8) | P8: =IFERROR(AVERAGEIFS('Bảng bấm giờ'!$K$6:$K$105,'Bảng bấm giờ'!$E$6:$E$105,A8),"") | Q8: =IF(E8=0,"Chưa thử",IF(D8="",IF(I8>=$D$3,"Ổn","Cần sửa"),IF(AND(K8<>"",K8<=D8,I8>=$D$3),"ĐẠT","CHƯA ĐẠT"))) -> Chưa thử
A9: HS4 | B9: Học sinh | C9: Tìm phần mình còn yếu | E9: =COUNTIF('Bảng bấm giờ'!$E$6:$E$105,A9) -> 0 | F9: =COUNTIFS('Bảng bấm giờ'!$E$6:$E$105,A9,'Bảng bấm giờ'!$I$6:$I$105,"Tự làm được") -> 0 | G9: =COUNTIFS('Bảng bấm giờ'!$E$6:$E$105,A9,'Bảng bấm giờ'!$I$6:$I$105,"Cần trợ giúp") -> 0 | H9: =COUNTIFS('Bảng bấm giờ'!$E$6:$E$105,A9,'Bảng bấm giờ'!$I$6:$I$105,"Không xong") -> 0 | I9: =IF(E9=0,"",F9/E9) | J9: =SUMPRODUCT(('Bảng bấm giờ'!$E$6:$E$105=A9)*ISNUMBER('Bảng bấm giờ'!$M$6:$M$105)) -> 0 | K9: {=IF(J9=0,"",MEDIAN(IF(('Bảng bấm giờ'!$E$6:$E$105=A9)*ISNUMBER('Bảng bấm giờ'!$M$6:$M$105),'Bảng bấm giờ'!$M$6:$M$105)))} | L9: {=IF(J9=0,"",MIN(IF(('Bảng bấm giờ'!$E$6:$E$105=A9)*ISNUMBER('Bảng bấm giờ'!$M$6:$M$105),'Bảng bấm giờ'!$M$6:$M$105)))} | M9: {=IF(J9=0,"",MAX(IF(('Bảng bấm giờ'!$E$6:$E$105=A9)*ISNUMBER('Bảng bấm giờ'!$M$6:$M$105),'Bảng bấm giờ'!$M$6:$M$105)))} | N9: =IF(D9="","",COUNTIFS('Bảng bấm giờ'!$E$6:$E$105,A9,'Bảng bấm giờ'!$O$6:$O$105,"Đạt")) | O9: =IF(OR(D9="",E9=0),"",N9/E9) | P9: =IFERROR(AVERAGEIFS('Bảng bấm giờ'!$K$6:$K$105,'Bảng bấm giờ'!$E$6:$E$105,A9),"") | Q9: =IF(E9=0,"Chưa thử",IF(D9="",IF(I9>=$D$3,"Ổn","Cần sửa"),IF(AND(K9<>"",K9<=D9,I9>=$D$3),"ĐẠT","CHƯA ĐẠT"))) -> Chưa thử
A10: GV1 | B10: Giáo viên | C10: Giao bài cho lớp — CHỈ TIÊU 2 | D10: 120 | E10: =COUNTIF('Bảng bấm giờ'!$E$6:$E$105,A10) -> 0 | F10: =COUNTIFS('Bảng bấm giờ'!$E$6:$E$105,A10,'Bảng bấm giờ'!$I$6:$I$105,"Tự làm được") -> 0 | G10: =COUNTIFS('Bảng bấm giờ'!$E$6:$E$105,A10,'Bảng bấm giờ'!$I$6:$I$105,"Cần trợ giúp") -> 0 | H10: =COUNTIFS('Bảng bấm giờ'!$E$6:$E$105,A10,'Bảng bấm giờ'!$I$6:$I$105,"Không xong") -> 0 | I10: =IF(E10=0,"",F10/E10) | J10: =SUMPRODUCT(('Bảng bấm giờ'!$E$6:$E$105=A10)*ISNUMBER('Bảng bấm giờ'!$M$6:$M$105)) -> 0 | K10: {=IF(J10=0,"",MEDIAN(IF(('Bảng bấm giờ'!$E$6:$E$105=A10)*ISNUMBER('Bảng bấm giờ'!$M$6:$M$105),'Bảng bấm giờ'!$M$6:$M$105)))} | L10: {=IF(J10=0,"",MIN(IF(('Bảng bấm giờ'!$E$6:$E$105=A10)*ISNUMBER('Bảng bấm giờ'!$M$6:$M$105),'Bảng bấm giờ'!$M$6:$M$105)))} | M10: {=IF(J10=0,"",MAX(IF(('Bảng bấm giờ'!$E$6:$E$105=A10)*ISNUMBER('Bảng bấm giờ'!$M$6:$M$105),'Bảng bấm giờ'!$M$6:$M$105)))} | N10: =IF(D10="","",COUNTIFS('Bảng bấm giờ'!$E$6:$E$105,A10,'Bảng bấm giờ'!$O$6:$O$105,"Đạt")) -> 0 | O10: =IF(OR(D10="",E10=0),"",N10/E10) | P10: =IFERROR(AVERAGEIFS('Bảng bấm giờ'!$K$6:$K$105,'Bảng bấm giờ'!$E$6:$E$105,A10),"") | Q10: =IF(E10=0,"Chưa thử",IF(D10="",IF(I10>=$D$3,"Ổn","Cần sửa"),IF(AND(K10<>"",K10<=D10,I10>=$D$3),"ĐẠT","CHƯA ĐẠT"))) -> Chưa thử
A11: GV2 | B11: Giáo viên | C11: Nhập câu từ Word và gửi duyệt | E11: =COUNTIF('Bảng bấm giờ'!$E$6:$E$105,A11) -> 0 | F11: =COUNTIFS('Bảng bấm giờ'!$E$6:$E$105,A11,'Bảng bấm giờ'!$I$6:$I$105,"Tự làm được") -> 0 | G11: =COUNTIFS('Bảng bấm giờ'!$E$6:$E$105,A11,'Bảng bấm giờ'!$I$6:$I$105,"Cần trợ giúp") -> 0 | H11: =COUNTIFS('Bảng bấm giờ'!$E$6:$E$105,A11,'Bảng bấm giờ'!$I$6:$I$105,"Không xong") -> 0 | I11: =IF(E11=0,"",F11/E11) | J11: =SUMPRODUCT(('Bảng bấm giờ'!$E$6:$E$105=A11)*ISNUMBER('Bảng bấm giờ'!$M$6:$M$105)) -> 0 | K11: {=IF(J11=0,"",MEDIAN(IF(('Bảng bấm giờ'!$E$6:$E$105=A11)*ISNUMBER('Bảng bấm giờ'!$M$6:$M$105),'Bảng bấm giờ'!$M$6:$M$105)))} | L11: {=IF(J11=0,"",MIN(IF(('Bảng bấm giờ'!$E$6:$E$105=A11)*ISNUMBER('Bảng bấm giờ'!$M$6:$M$105),'Bảng bấm giờ'!$M$6:$M$105)))} | M11: {=IF(J11=0,"",MAX(IF(('Bảng bấm giờ'!$E$6:$E$105=A11)*ISNUMBER('Bảng bấm giờ'!$M$6:$M$105),'Bảng bấm giờ'!$M$6:$M$105)))} | N11: =IF(D11="","",COUNTIFS('Bảng bấm giờ'!$E$6:$E$105,A11,'Bảng bấm giờ'!$O$6:$O$105,"Đạt")) | O11: =IF(OR(D11="",E11=0),"",N11/E11) | P11: =IFERROR(AVERAGEIFS('Bảng bấm giờ'!$K$6:$K$105,'Bảng bấm giờ'!$E$6:$E$105,A11),"") | Q11: =IF(E11=0,"Chưa thử",IF(D11="",IF(I11>=$D$3,"Ổn","Cần sửa"),IF(AND(K11<>"",K11<=D11,I11>=$D$3),"ĐẠT","CHƯA ĐẠT"))) -> Chưa thử
A12: GV3 | B12: Giáo viên | C12: Tìm học sinh chưa làm bài / cần giúp | E12: =COUNTIF('Bảng bấm giờ'!$E$6:$E$105,A12) -> 0 | F12: =COUNTIFS('Bảng bấm giờ'!$E$6:$E$105,A12,'Bảng bấm giờ'!$I$6:$I$105,"Tự làm được") -> 0 | G12: =COUNTIFS('Bảng bấm giờ'!$E$6:$E$105,A12,'Bảng bấm giờ'!$I$6:$I$105,"Cần trợ giúp") -> 0 | H12: =COUNTIFS('Bảng bấm giờ'!$E$6:$E$105,A12,'Bảng bấm giờ'!$I$6:$I$105,"Không xong") -> 0 | I12: =IF(E12=0,"",F12/E12) | J12: =SUMPRODUCT(('Bảng bấm giờ'!$E$6:$E$105=A12)*ISNUMBER('Bảng bấm giờ'!$M$6:$M$105)) -> 0 | K12: {=IF(J12=0,"",MEDIAN(IF(('Bảng bấm giờ'!$E$6:$E$105=A12)*ISNUMBER('Bảng bấm giờ'!$M$6:$M$105),'Bảng bấm giờ'!$M$6:$M$105)))} | L12: {=IF(J12=0,"",MIN(IF(('Bảng bấm giờ'!$E$6:$E$105=A12)*ISNUMBER('Bảng bấm giờ'!$M$6:$M$105),'Bảng bấm giờ'!$M$6:$M$105)))} | M12: {=IF(J12=0,"",MAX(IF(('Bảng bấm giờ'!$E$6:$E$105=A12)*ISNUMBER('Bảng bấm giờ'!$M$6:$M$105),'Bảng bấm giờ'!$M$6:$M$105)))} | N12: =IF(D12="","",COUNTIFS('Bảng bấm giờ'!$E$6:$E$105,A12,'Bảng bấm giờ'!$O$6:$O$105,"Đạt")) | O12: =IF(OR(D12="",E12=0),"",N12/E12) | P12: =IFERROR(AVERAGEIFS('Bảng bấm giờ'!$K$6:$K$105,'Bảng bấm giờ'!$E$6:$E$105,A12),"") | Q12: =IF(E12=0,"Chưa thử",IF(D12="",IF(I12>=$D$3,"Ổn","Cần sửa"),IF(AND(K12<>"",K12<=D12,I12>=$D$3),"ĐẠT","CHƯA ĐẠT"))) -> Chưa thử
A13: GV4 | B13: Giáo viên | C13: Viết mã cho một câu hỏi | E13: =COUNTIF('Bảng bấm giờ'!$E$6:$E$105,A13) -> 0 | F13: =COUNTIFS('Bảng bấm giờ'!$E$6:$E$105,A13,'Bảng bấm giờ'!$I$6:$I$105,"Tự làm được") -> 0 | G13: =COUNTIFS('Bảng bấm giờ'!$E$6:$E$105,A13,'Bảng bấm giờ'!$I$6:$I$105,"Cần trợ giúp") -> 0 | H13: =COUNTIFS('Bảng bấm giờ'!$E$6:$E$105,A13,'Bảng bấm giờ'!$I$6:$I$105,"Không xong") -> 0 | I13: =IF(E13=0,"",F13/E13) | J13: =SUMPRODUCT(('Bảng bấm giờ'!$E$6:$E$105=A13)*ISNUMBER('Bảng bấm giờ'!$M$6:$M$105)) -> 0 | K13: {=IF(J13=0,"",MEDIAN(IF(('Bảng bấm giờ'!$E$6:$E$105=A13)*ISNUMBER('Bảng bấm giờ'!$M$6:$M$105),'Bảng bấm giờ'!$M$6:$M$105)))} | L13: {=IF(J13=0,"",MIN(IF(('Bảng bấm giờ'!$E$6:$E$105=A13)*ISNUMBER('Bảng bấm giờ'!$M$6:$M$105),'Bảng bấm giờ'!$M$6:$M$105)))} | M13: {=IF(J13=0,"",MAX(IF(('Bảng bấm giờ'!$E$6:$E$105=A13)*ISNUMBER('Bảng bấm giờ'!$M$6:$M$105),'Bảng bấm giờ'!$M$6:$M$105)))} | N13: =IF(D13="","",COUNTIFS('Bảng bấm giờ'!$E$6:$E$105,A13,'Bảng bấm giờ'!$O$6:$O$105,"Đạt")) | O13: =IF(OR(D13="",E13=0),"",N13/E13) | P13: =IFERROR(AVERAGEIFS('Bảng bấm giờ'!$K$6:$K$105,'Bảng bấm giờ'!$E$6:$E$105,A13),"") | Q13: =IF(E13=0,"Chưa thử",IF(D13="",IF(I13>=$D$3,"Ổn","Cần sửa"),IF(AND(K13<>"",K13<=D13,I13>=$D$3),"ĐẠT","CHƯA ĐẠT"))) -> Chưa thử
A14: TT1 | B14: Tổ trưởng | C14: Duyệt 10 câu — CHỈ TIÊU 3 (tính cho mỗi câu) | D14: 15 | E14: =COUNTIF('Bảng bấm giờ'!$E$6:$E$105,A14) -> 0 | F14: =COUNTIFS('Bảng bấm giờ'!$E$6:$E$105,A14,'Bảng bấm giờ'!$I$6:$I$105,"Tự làm được") -> 0 | G14: =COUNTIFS('Bảng bấm giờ'!$E$6:$E$105,A14,'Bảng bấm giờ'!$I$6:$I$105,"Cần trợ giúp") -> 0 | H14: =COUNTIFS('Bảng bấm giờ'!$E$6:$E$105,A14,'Bảng bấm giờ'!$I$6:$I$105,"Không xong") -> 0 | I14: =IF(E14=0,"",F14/E14) | J14: =SUMPRODUCT(('Bảng bấm giờ'!$E$6:$E$105=A14)*ISNUMBER('Bảng bấm giờ'!$M$6:$M$105)) -> 0 | K14: {=IF(J14=0,"",MEDIAN(IF(('Bảng bấm giờ'!$E$6:$E$105=A14)*ISNUMBER('Bảng bấm giờ'!$M$6:$M$105),'Bảng bấm giờ'!$M$6:$M$105)))} | L14: {=IF(J14=0,"",MIN(IF(('Bảng bấm giờ'!$E$6:$E$105=A14)*ISNUMBER('Bảng bấm giờ'!$M$6:$M$105),'Bảng bấm giờ'!$M$6:$M$105)))} | M14: {=IF(J14=0,"",MAX(IF(('Bảng bấm giờ'!$E$6:$E$105=A14)*ISNUMBER('Bảng bấm giờ'!$M$6:$M$105),'Bảng bấm giờ'!$M$6:$M$105)))} | N14: =IF(D14="","",COUNTIFS('Bảng bấm giờ'!$E$6:$E$105,A14,'Bảng bấm giờ'!$O$6:$O$105,"Đạt")) -> 0 | O14: =IF(OR(D14="",E14=0),"",N14/E14) | P14: =IFERROR(AVERAGEIFS('Bảng bấm giờ'!$K$6:$K$105,'Bảng bấm giờ'!$E$6:$E$105,A14),"") | Q14: =IF(E14=0,"Chưa thử",IF(D14="",IF(I14>=$D$3,"Ổn","Cần sửa"),IF(AND(K14<>"",K14<=D14,I14>=$D$3),"ĐẠT","CHƯA ĐẠT"))) -> Chưa thử
A15: TT2 | B15: Tổ trưởng | C15: Trả sửa một câu kèm lý do | E15: =COUNTIF('Bảng bấm giờ'!$E$6:$E$105,A15) -> 0 | F15: =COUNTIFS('Bảng bấm giờ'!$E$6:$E$105,A15,'Bảng bấm giờ'!$I$6:$I$105,"Tự làm được") -> 0 | G15: =COUNTIFS('Bảng bấm giờ'!$E$6:$E$105,A15,'Bảng bấm giờ'!$I$6:$I$105,"Cần trợ giúp") -> 0 | H15: =COUNTIFS('Bảng bấm giờ'!$E$6:$E$105,A15,'Bảng bấm giờ'!$I$6:$I$105,"Không xong") -> 0 | I15: =IF(E15=0,"",F15/E15) | J15: =SUMPRODUCT(('Bảng bấm giờ'!$E$6:$E$105=A15)*ISNUMBER('Bảng bấm giờ'!$M$6:$M$105)) -> 0 | K15: {=IF(J15=0,"",MEDIAN(IF(('Bảng bấm giờ'!$E$6:$E$105=A15)*ISNUMBER('Bảng bấm giờ'!$M$6:$M$105),'Bảng bấm giờ'!$M$6:$M$105)))} | L15: {=IF(J15=0,"",MIN(IF(('Bảng bấm giờ'!$E$6:$E$105=A15)*ISNUMBER('Bảng bấm giờ'!$M$6:$M$105),'Bảng bấm giờ'!$M$6:$M$105)))} | M15: {=IF(J15=0,"",MAX(IF(('Bảng bấm giờ'!$E$6:$E$105=A15)*ISNUMBER('Bảng bấm giờ'!$M$6:$M$105),'Bảng bấm giờ'!$M$6:$M$105)))} | N15: =IF(D15="","",COUNTIFS('Bảng bấm giờ'!$E$6:$E$105,A15,'Bảng bấm giờ'!$O$6:$O$105,"Đạt")) | O15: =IF(OR(D15="",E15=0),"",N15/E15) | P15: =IFERROR(AVERAGEIFS('Bảng bấm giờ'!$K$6:$K$105,'Bảng bấm giờ'!$E$6:$E$105,A15),"") | Q15: =IF(E15=0,"Chưa thử",IF(D15="",IF(I15>=$D$3,"Ổn","Cần sửa"),IF(AND(K15<>"",K15<=D15,I15>=$D$3),"ĐẠT","CHƯA ĐẠT"))) -> Chưa thử
A16: TT3 | B16: Tổ trưởng | C16: Tìm chỗ nạp chương trình, tải file mẫu | E16: =COUNTIF('Bảng bấm giờ'!$E$6:$E$105,A16) -> 0 | F16: =COUNTIFS('Bảng bấm giờ'!$E$6:$E$105,A16,'Bảng bấm giờ'!$I$6:$I$105,"Tự làm được") -> 0 | G16: =COUNTIFS('Bảng bấm giờ'!$E$6:$E$105,A16,'Bảng bấm giờ'!$I$6:$I$105,"Cần trợ giúp") -> 0 | H16: =COUNTIFS('Bảng bấm giờ'!$E$6:$E$105,A16,'Bảng bấm giờ'!$I$6:$I$105,"Không xong") -> 0 | I16: =IF(E16=0,"",F16/E16) | J16: =SUMPRODUCT(('Bảng bấm giờ'!$E$6:$E$105=A16)*ISNUMBER('Bảng bấm giờ'!$M$6:$M$105)) -> 0 | K16: {=IF(J16=0,"",MEDIAN(IF(('Bảng bấm giờ'!$E$6:$E$105=A16)*ISNUMBER('Bảng bấm giờ'!$M$6:$M$105),'Bảng bấm giờ'!$M$6:$M$105)))} | L16: {=IF(J16=0,"",MIN(IF(('Bảng bấm giờ'!$E$6:$E$105=A16)*ISNUMBER('Bảng bấm giờ'!$M$6:$M$105),'Bảng bấm giờ'!$M$6:$M$105)))} | M16: {=IF(J16=0,"",MAX(IF(('Bảng bấm giờ'!$E$6:$E$105=A16)*ISNUMBER('Bảng bấm giờ'!$M$6:$M$105),'Bảng bấm giờ'!$M$6:$M$105)))} | N16: =IF(D16="","",COUNTIFS('Bảng bấm giờ'!$E$6:$E$105,A16,'Bảng bấm giờ'!$O$6:$O$105,"Đạt")) | O16: =IF(OR(D16="",E16=0),"",N16/E16) | P16: =IFERROR(AVERAGEIFS('Bảng bấm giờ'!$K$6:$K$105,'Bảng bấm giờ'!$E$6:$E$105,A16),"") | Q16: =IF(E16=0,"Chưa thử",IF(D16="",IF(I16>=$D$3,"Ổn","Cần sửa"),IF(AND(K16<>"",K16<=D16,I16>=$D$3),"ĐẠT","CHƯA ĐẠT"))) -> Chưa thử
A18: Cách đọc
A19: • | B19: Chỉ tiêu (cột D) do anh Hiếu chốt ngày 25/09/2026: tự luyện 30 giây, giao bài 120 giây, duyệt 15 giây mỗi câu. Nhiệm vụ không có chỉ tiêu chỉ xét tỉ lệ tự làm được.
A20: • | B20: ĐẠT = trung vị không vượt chỉ tiêu VÀ tỉ lệ tự làm được từ ngưỡng ở ô D3 trở lên. Trung vị ít bị một người quá chậm kéo lệch hơn trung bình.
A21: • | B21: Mỗi nhiệm vụ nên có từ 3 lượt thử trở lên rồi mới tin kết luận (tổ trưởng: tất cả 1–2 người).
A23: Việc làm tiếp theo
A24: Mã | B24: Kết luận | C24: Nếu CHƯA ĐẠT / Cần sửa thì làm trước
A25: HS1 | B25: =IFERROR(INDEX($Q$6:$Q$16,MATCH(A25,$A$6:$A$16,0)),"") -> Chưa thử | C25: Bản đồ bài học cho học sinh + nút "Luyện ngay" một chạm theo Bài (đã có đề xuất P0–P1, 03/10/2026).
A26: GV1 | B26: =IFERROR(INDEX($Q$6:$Q$16,MATCH(A26,$A$6:$A$16,0)),"") -> Chưa thử | C26: Giao bài từng bước (wizard) hoặc mẫu giao nhanh "10 câu · bài vừa dạy · hạn cuối tuần".
A27: TT1 | B27: =IFERROR(INDEX($Q$6:$Q$16,MATCH(A27,$A$6:$A$16,0)),"") -> Chưa thử | C27: Cải tiến màn duyệt: bật sẵn công cụ duyệt nhanh, gom câu "sạch" duyệt một lần.
A28: HS2 | B28: =IFERROR(INDEX($Q$6:$Q$16,MATCH(A28,$A$6:$A$16,0)),"") -> Chưa thử | C28: Sửa nhãn / ký hiệu trong lúc làm bài và hộp nộp bài theo chỗ học sinh vướng.
A29: GV2 | B29: =IFERROR(INDEX($Q$6:$Q$16,MATCH(A29,$A$6:$A$16,0)),"") -> Chưa thử | C29: Sửa các bước nhập → lưu kho → gửi duyệt theo chỗ giáo viên vướng.
A30: GV4 | B30: =IFERROR(INDEX($Q$6:$Q$16,MATCH(A30,$A$6:$A$16,0)),"") -> Chưa thử | C30: Thêm công cụ tra / tự dựng mã câu ở màn Nhập (chọn Bài → ra mã).
A31: TT3 | B31: =IFERROR(INDEX($Q$6:$Q$16,MATCH(A31,$A$6:$A$16,0)),"") -> Chưa thử | C31: Sửa tên menu / hướng dẫn trang Chương trình môn học.
A33: 5 chỗ vướng gặp nhiều nhất (ghi tay sau khi đọc lại cột "Chỗ vướng / lời nói")
A34: STT | B34: Số người gặp | C34: Chỗ vướng — ở màn nào, người thử nói gì
A35: 1
A36: 2
A37: 3
A38: 4
A39: 5
